Name,Category,Description
battery,Inorganic waste,"1. Alkaline Batteries:
 Alkaline batteries are common household batteries used in remotes, toys, and other devices.
 Most areas consider alkaline batteries safe for regular trash. Check with your local waste management for specific disposal guidelines.
 2. Rechargeable Batteries:
 Rechargeable batteries, including Ni-Cd, Ni-MH, and Li-ion, are used in electronics, power tools, and more.
 Many retailers, electronic stores, or recycling centers accept rechargeable batteries for recycling. Look for drop-off locations near you.
 3. Car Batteries:
 Car batteries are lead-acid batteries used in vehicles.
 Auto parts retailers, service stations, or recycling centers often accept old car batteries for recycling. They usually offer a core charge or discount on a new battery when you return the old one."
biological (food),Organic waste,"1. Turn food waste into organic fertilizer:
Collect and separate your edible kitchen waste (vegetable peels, fruit peels, small amounts of wasted cooked food) in a container.
Now collect some dry organic matter like dried leaves, sawdust, and wood ash in a small container
Take a big container or earthen pot or a bucket and drill 4 5 holes around the container at different levels to let air inside.
Now fill the bottom of the container with a layer of soil.
Now start adding food waste in layers alternating wet waste (food scraps, vegetable, and fruit peels) with dry waste (straw, sawdust, dried leaves).
Cover this container with a plastic sheet or a plank of wood to help retain moisture and heat.
Check the container every few days and if you think the pile is too dry, sprinkle some water so that it is moist.
2. Recycle at Recycling Centers:
If your local recycling program does not accept food waste, take them to a recycling center that specifically accepts metal for recycling."
brown glass,Inorganic waste,"1. Recycle in Recycling Bin:
If glass cups are accepted, place them in the appropriate recycling bin provided by your local recycling program.
2. Recycle at Recycling Centers:
If your local recycling program does not accept glass cups, take them to a recycling center that specifically accepts glass containers.
3. Make handicrafts with broken glass"
cardboard,Recycable waste,"1. Donate or sell cardboard
2. Make handicrafts 
3. Used to suppress weeds in organic crop production"
clothes,Recycable waste,"1. Donate them to people in dine needs
2. Make new collection out of them"
green glass,Inorganic waste,"1. Recycle in Recycling Bin:
If glass cups are accepted, place them in the appropriate recycling bin provided by your local recycling program.
2. Recycle at Recycling Centers:
If your local recycling program does not accept glass cups, take them to a recycling center that specifically accepts glass containers.
3. Make handicrafts with broken glass"
metal,Recycable waste,"1. Collect and sort  metal: Start by collecting any metal items that you want to recycle, such as old appliances, car parts, plumbing fixtures, or even aluminum cans. Make sure to separate different types of metals as they may have different recycling processes.
2. Research local recycling centers: Find recycling centers in your area that accept scrap metal. You can search online, check with your local waste management agency, or ask your community for recommendations.
3. Check for any regulations or requirements: Certain metals might have specific regulations or requirements for recycling, such as the need for a valid ID or proof of ownership. Make sure to check with the recycling center beforehand to see if there are any additional steps you need to take.
5. Get paid or donate: Depending on the recycling center and the type of metal, you may be eligible for payment in exchange for your scrap metal. Alternatively, you may choose to donate the scrap metal to a charitable organization or recycling program that supports community development or environmental initiatives."
paper,Recycable waste,"Collection and Segregation:
Collect magazine paper separately from other waste materials to facilitate easier recycling.
Remove Non-Paper Elements:
Remove any non-paper elements such as plastic wrap, CDs, or samples often found in magazines before recycling.
Check Local Recycling Guidelines:
Verify if your local recycling program accepts magazine paper. Most curbside recycling programs accept paper, but guidelines can vary.
Sort by Grade:
Separate glossy magazine paper from regular paper, as they may be recycled through slightly different processes.
Recycle in Recycling Bin:
If magazine paper is accepted, place it in the appropriate recycling bin provided by your local recycling program.
Recycle at Recycling Centers:
If your local recycling program does not accept magazine paper, take it to a recycling center that specifically accepts paper."
plastic,Recycable waste,"Plastic Containers (e.g., Food Containers):
Empty and rinse the plastic container to remove any food residue.
Check the recycling number and ensure it's accepted in your local recycling program.
If accepted, place the plastic container in your recycling bin designated for plastics.
Plastic Bags and Film:
Collect plastic bags and film (e.g., grocery bags, bread bags, packaging films).
Many grocery stores and retailers have collection bins for plastic bags and films.
Take these collected plastics to a designated drop-off point for plastic film recycling.
Plastic Lids:
Collect plastic lids from containers and bottles.
Check the recycling number and ensure they are accepted in your local recycling program.
If accepted, place the plastic lids in your recycling bin designated for plastics."
shoes,Recycable waste,"1. Donate lightly worn shoes: If your shoes are still in good condition, consider donating them to a charity or thrift store instead. This way, someone else can use them, and it reduces waste.
2. Reuse them creatively: If the shoes are too worn out or damaged to be donated, get creative and repurpose them. You can use them as planters, storage containers, or even turn them into unique art pieces.
3. articipate in brand recycling programs: Some shoe companies, such as Nike and Adidas, have their own recycling programs. They collect used shoes of their own brand and recycle them into new products. Check with the shoe manufacturer to see if they offer any recycling options."
trash,Inorganic waste,"Recycle in Recycling Bin:
Place it in non recyclable bin provided by your local recycling program.
Recycle at Recycling Centers:
Take it to a recycling center that specifically accepts paper."
white glass,Inorganic waste,"1. Recycle in Recycling Bin:
If glass cups are accepted, place them in the appropriate recycling bin provided by your local recycling program.
2. Recycle at Recycling Centers:
If your local recycling program does not accept glass cups, take them to a recycling center that specifically accepts glass containers.
3. Make handicrafts with broken glass"
biodegrable,Organic waste,"1. Turn food waste into organic fertilizer:
Collect and separate your edible kitchen waste (vegetable peels, fruit peels, small amounts of wasted cooked food) in a container.
Now collect some dry organic matter like dried leaves, sawdust, and wood ash in a small container
Take a big container or earthen pot or a bucket and drill 4 5 holes around the container at different levels to let air inside.
Now fill the bottom of the container with a layer of soil.
Now start adding food waste in layers alternating wet waste (food scraps, vegetable, and fruit peels) with dry waste (straw, sawdust, dried leaves).
Cover this container with a plastic sheet or a plank of wood to help retain moisture and heat.
Check the container every few days and if you think the pile is too dry, sprinkle some water so that it is moist.
2. Recycle at Recycling Centers:
If your local recycling program does not accept food waste, take them to a recycling center that specifically accepts metal for recycling."
